basic_needs_score,conflict_score,coordination_score,corruption_score,country,democracy_score,disenfranchised_score,gdp_per_capita,governance_score,government_response_total,inequality_score,justice_score,lfpr_female,lfpr_male,lfpr_total,migration_rate,population,prevalence_per_1000,region,risk_address_score,supply_chain_score,total_victims,victim_support_score,vulnerability_total,year
1.2095234105950121,2.7107601282018874,-0.05826937208779176,-1.4222216393725098,Afghanistan,-1.4624689691372144,,-0.8790007371648323,2.329740884316103,-0.09143648333446389,0.6953320158324058,-0.21259719022209478,-2.338413005160278,-0.05622509637752187,-1.7476995587824231,-0.34210532737289207,32527000.0,1.4410011444460584,,-0.006731993748395421,-0.15392982399673988,0.05915405864681532,-0.12982950549533417,2.486682129930247,2016
-0.2209861222530602,-0.7045313197738502,0.27733594066330747,-0.20347264833282422,Albania,0.10746577089506708,,-0.3957965625630221,0.43505426175097356,1.0360986246383346,0.007852242856409857,0.2812081016119538,0.10687809069304606,-0.13275893652107235,-0.0027803974242663412,-0.029098531073882303,2906000.0,-0.4993192371400705,,0.4294170512257854,-0.15392982399673988,-0.17271629664938326,1.9614889286847021,-0.20139037258876477,2016
-0.33986058090635285,1.0062051657053994,-0.7241529291336238,-0.4573786881327587,Algeria,-0.990554062163225,,-0.4149331545176331,0.31868074741679386,-0.8937210793920324,0.30042354350190237,-0.9234597531919895,-2.5115149780277535,-0.6492171870800609,-2.073678661129096,-0.12905432518128998,39667000.0,0.2860485363590771,,-0.7377423649023038,-0.15392982399673988,-0.017899237695347608,-0.6570039584326841,0.5399987516278879,2016
1.3822126579629712,-0.3557903981630547,-0.38854761638252444,-1.269878015492549,Angola,-1.0653128593076193,,-0.6235877555323256,0.6514460938102047,-1.3346162177660115,0.23324515472707902,-1.1242377289926468,1.1307207953395328,0.29322911453590195,0.9167472009320061,0.3752609185689892,25022000.0,0.30914758852081675,,-1.6161833991460761,-0.15392982399673988,-0.07512406632833701,-1.12624715280549,0.5236761637250881,2016
-1.110938150549334,-0.3382760830452304,2.6052648560955367,-0.35581627221278495,Argentina,0.5980703771551549,,0.12093845808811987,-0.6500501286623227,1.433627028090283,-0.5145068175235249,1.013776391695433,-0.11175666639366823,0.17848642248456845,-0.030378512206878434,0.034417183082292864,43417000.0,-0.2452296633609344,,1.4552887485594215,-0.15392982399673988,-0.06491918718159624,0.5479662197098296,-0.8362531336503023,2016
-0.39769139862957664,-0.3619719211458162,0.9432194977091396,-0.5081598960927456,Armenia,-0.8410364678744363,,-0.4295347640907549,0.484119851578357,0.41450875742256127,0.024803798902393513,0.4711332138558188,0.508740383143582,0.08128031595930028,0.32423835993134037,-0.09188449693053613,3018000.0,-0.08353629822875709,,-0.30159331992812305,-0.15392982399673988,-0.16916396530083427,0.4900349611452857,-0.0836959229738386,2016
-1.0025053673182898,0.18354748208288774,0.9432194977091396,1.8277756700666519,Australia,1.5559174655677075,,1.3024587462004964,-1.9389654306662905,1.7588775400055134,-1.5560857612378418,2.2130178147209807,0.9297574020999454,0.7130619402095577,0.9420769775133077,0.9691616414026676,23772000.0,-1.1229936455070404,,0.8655660961999662,3.05660650507812,-0.1754935738855216,1.4227282240344437,-1.386066620902513,2016
-1.1398535594109458,0.062492657003807975,1.6091030547549716,1.6246508382267042,Austria,1.2755719762762288,,1.5508621690604905,-1.540779297836368,1.3902602931682526,-1.769549800335411,0.9757913692466602,0.9938644665672592,0.5056424584244545,0.9092805876860262,0.2753011798761787,8566000.0,-1.1229936455070404,,1.307858085469558,-0.15392982399673988,-0.17730203348114654,1.051968169221362,-1.4101209609697973,2016
-0.32941890548410424,-0.4572704004633895,-1.0544311734283565,-0.6605035199727063,Azerbaijan,-1.4157447209219678,,-0.30379341571045526,1.4427859912826264,-0.1420310074101666,-0.8830462026713873,1.04633498236581,0.6534649834098318,-0.5401651751001,0.2262272468163802,0.019699934944378966,9635000.0,-0.08353629822875709,,0.13455572504605776,-0.15392982399673988,-0.14920632190625896,-0.6685902101455928,-0.08799134084299624,2016
0.06495514315621213,-0.03435120305945573,-0.7241529291336238,-0.0003478164928766127,Bahrain,-1.3503307734206227,,1.32044120315756,0.5312983033354568,-0.6407484590135198,-0.049280779372645286,-0.23972934911407548,-0.7891374491906471,1.354250607026777,0.5690298574894398,0.12844426532926514,1377000.0,-0.08353629822875709,,-1.1800343541718952,-0.15392982399673988,-0.17413722918880287,-0.18196763820342365,0.16801556415881416,2016
1.1010906273639678,0.9320268899122615,1.6091030547549716,-0.863628351812654,Bangladesh,0.023362124107623564,,-0.7610422701643378,0.051336187459894767,0.6747091669547451,-0.540248069297055,1.04633498236581,-1.440656126503328,0.6031969739336859,-0.8704197594255596,-0.20315730655862863,160996000.0,1.0252182055347452,,0.28198638813592153,-0.15392982399673988,0.8107627841570836,-0.02555324007915526,0.5159444115606036,2016
-1.3591287432781685,-1.5931252485458183,0.6076141849580403,0.9137139267868877,Barbados,0.11681062053811617,,-0.2109484236341225,-0.3940283971271276,-0.38777583863500725,1.554838690904678,-0.6412853007153901,1.0256600226863593,0.2666338954268379,0.8231782501279457,0.013589772155413913,284000.0,-0.6841116544339876,,-1.0326036910820315,-0.15392982399673988,-0.17788332406545454,-0.02555324007915526,-0.630073075930723,2016
-0.9519034018104691,-0.41863588182113004,0.27733594066330747,-0.15269144037283733,Belarus,-0.9998989118062742,,-0.1306732609127559,0.782916712706656,-0.33718131455930506,-0.3989851022471929,-0.8149311176240666,1.1293019267094713,0.5245726798863645,1.0024714821232013,0.07403265428279387,9550000.0,-0.08353629822875709,,-0.15416265683825922,-0.15392982399673988,-0.1494646732770625,-0.257278274337331,-0.29846681643173345,2016
-1.0041117789217129,-0.0333209492289955,1.9393812990497046,1.7262132541466781,Belgium,0.9765367876986512,,1.3841519681345442,-1.2923061185823086,1.5492716545490317,-1.1429700620431338,0.5199710998613843,0.3627903963331885,-0.44446884083866245,0.060449529937265524,0.23782367396400497,11268000.0,-1.1229936455070404,,1.0129967592898304,-0.15392982399673988,-0.17697909426764208,1.8224539081297964,-1.1145962115717338,2016
0.3364387041346786,-0.8770988363759424,0.9432194977091396,-0.35581627221278495,Benin,-0.004672424821524547,,-0.8430599301624865,0.06202996985817084,0.038663721431628086,-0.15915197596698252,-1.1133848654358545,0.2609543251119726,-0.5960267488619327,-0.08037646672743191,0.028942098543181503,10880000.0,-0.4993192371400705,,0.7242783774055134,-0.15392982399673988,-0.15753815361467388,-0.06610512107433576,-0.3087758193177122,2016
-0.5719870576009586,-0.28315750311560683,-0.38854761638252444,-0.20347264833282422,Bosnia and Herzegovina,-0.3784664105434962,,-0.3621875729444231,0.8124818758077723,0.6168868537253711,-0.580429535480127,0.14012087537365445,-0.899164262049035,-0.9345641449445607,-1.0640791333624495,-0.11314975683712789,3810000.0,-0.08353629822875709,,0.8655660961999662,-0.15392982399673988,-0.1667742151209013,1.0172094140826355,-0.19194045327661743,2016
0.8424583592128846,-0.655079135911758,-0.05826937208779176,0.8629327188269007,Botswana,1.0232610359138978,,-0.29710061815503863,-0.5481446728669873,-0.9949101275434376,0.2602420773188304,-1.4281179085828306,0.10152508631599681,-0.7598951076518435,-0.2729016715636672,0.02618877793201455,2262000.0,0.03195896257994117,,-0.7377423649023038,-0.15392982399673988,-0.17064948568295477,-0.8713496151214967,-0.14554994028971222,2016
-0.953509813413892,-0.06113780265142246,2.6052648560955367,-0.15269144037283733,Brazil,0.5700358282260072,,-0.2957181692703427,-0.5022243131567437,1.1445154619434115,0.2288503068633055,-0.364537280017187,0.12887055445899584,0.515397909975378,0.26422191168833237,0.3396255340399315,207848000.0,-0.9843993325366027,,1.4552887485594215,4.661874669615551,-0.07421983653052454,0.33362056302101734,-0.3732070873550806,2016
-0.9470841670002006,-0.07350084861694542,0.27733594066330747,-0.10191023241285041,Bulgaria,0.621432501262778,,0.00443687551542538,-0.3493661294637402,0.3783698116542023,-0.5302027027512873,-0.14205357710294508,0.5104172278881997,-0.3775743159180477,0.19721142065794894,-0.045113547809323314,7176000.0,-0.2452296633609344,,1.0129967592898304,-0.15392982399673988,-0.15954037673840152,0.18879241660965748,-0.5845416465176496,2016
0.67780116986204,-0.30633821430096253,-0.05826937208779176,-0.05112902445286351,Burkina Faso,-0.4578976325094152,,-0.8877570702468621,0.8546279593774477,-0.22153668810055638,-0.09448492882860154,-0.5707416875962402,0.12919302460219176,-0.16632233530936746,-0.010814095220575365,-0.016144512611028044,18106000.0,0.30914758852081675,,-0.7377423649023038,-0.15392982399673988,-0.10360730495942992,0.43789682843719624,0.3132006881363509,2016
1.5974718128216367,0.27008880384154893,-1.0544311734283565,-1.1683155995725754,Burundi,-1.532555341460084,,-0.9424016021956385,1.139585807990331,-1.1611492780778887,0.5754154526923004,-1.4281179085828306,1.5692801900857443,0.3284184219160187,1.2578485579540828,-0.4180464855479439,11179000.0,0.30914758852081675,,-1.0326036910820315,-0.15392982399673988,-0.13215513143322374,-0.5932795740116857,1.1258937489810252,2016
0.8537032404368449,-1.026485641792679,-0.05826937208779176,-1.1175343916125884,Cambodia,-0.6588118998349752,,-0.8002649553408107,0.4853779436252132,-0.30827015794461754,0.9521166981585995,-0.4242280295795446,0.7974156553324118,0.6186431055559803,0.8022906358575438,-0.14621327168354822,15578000.0,2.6421518568565197,,0.5768477143156492,-0.15392982399673988,-0.012409271065771877,-0.8481771116956791,0.2917235987905614,2016
0.8866346783070136,1.0602934918045626,-0.05826937208779176,-0.863628351812654,Cameroon,-1.0372783103784715,,-0.8047500832631207,0.9653400595007757,-0.4817370976327408,0.3588122365491787,-0.39166943890916767,0.6802944993237174,0.17372483303709443,0.5392579185972387,0.06611587137933818,23344000.0,0.2860485363590771,,-0.44902398301798685,-0.15392982399673988,-0.08390801293565818,-0.5469345671600507,1.1319073339978463,2016
-0.6980903684696546,0.21548535082715545,1.2734977420038724,1.9801192939466126,Canada,1.6213314130690528,,1.2717942233420747,-1.7848491549264311,1.238476720941145,-1.6797693368326099,1.4858759564158974,1.1376861504325604,0.6632394555030574,1.077799213225056,1.2780621242973438,35871000.0,-1.1229936455070404,,0.5768477143156492,-0.15392982399673988,-0.17407264134610198,1.0172094140826355,-1.2803993413212287,2016
-0.966361106241275,0.22733326987744856,-0.7241529291336238,-0.2542538562928111,Cape Verde,1.0559680096645705,,-0.6514389344534431,-0.7947307140507626,-1.5514498923761653,0.8265496163364998,-1.395559317912454,0.12919302460219176,0.15340097563933833,0.09239529293905682,0.01011459241553127,521000.0,-0.12973440255223628,,-1.4687527360562123,-0.15392982399673988,-0.1767207428968385,-1.4274896973411184,-0.1524226088803647,2016
1.3123337532140764,1.5599665995777854,-1.3900364861794559,-1.1683155995725754,Central African Republic,-1.9016769023605309,,-0.9398382560376096,2.371886967885779,-2.0935340789015493,2.711939349895327,-1.2978835459013234,0.4111609178125501,0.2518845817724666,0.37158991988369894,-0.1942622664752741,4900000.0,1.4410011444460584,,-2.93691642265944,-0.15392982399673988,-0.1424891862653663,-1.450662200766936,2.7392527006367313,2016
1.4159473016348518,0.4642916508833064,-0.38854761638252444,-1.1683155995725754,Chad,-1.9530735753973023,,-0.8988184726620179,1.5415462169608216,-0.8792655010846889,0.36069574277650984,-1.5800579983779226,-0.4642165329066159,-0.45317906543770126,-0.5553097776268332,0.09883620729571335,14037000.0,0.30914758852081675,,-0.15416265683825922,-0.15392982399673988,-0.12040014406166158,-0.7496939721359545,1.2221111092501624,2016
-1.012143836938827,-0.02868480699192437,0.6076141849580403,1.167619966586822,Chile,0.981209212520176,,0.18778952292059228,-0.9268303789706419,0.6530257994937301,-0.5006944385230939,0.623073303650911,-0.15941775355799898,0.03529033007637702,-0.12668837167085692,0.5129348382981425,17948000.0,-0.8227059674044253,,0.8655660961999662,-0.15392982399673988,-0.1603800186935131,0.2756893044564734,-0.7701036984652707,2016
-0.4362452771117257,1.074201918515776,-0.38854761638252444,-0.15269144037283733,China,-1.18679590466726,,-0.3432945158027704,0.5759605709988448,-0.4961926759400841,0.10077188340476388,-0.9451654803055741,0.8227618085875973,0.6396637809216595,0.8498312239933445,-0.5898884040363065,1371738000.0,-0.591715445787029,,-0.15416265683825922,-0.15392982399673988,2.0102236109553298,-0.24569202262442205,0.5623349245475088,2016
-0.46516068597333743,0.5956490142669888,0.27733594066330747,-0.305035064252798,Colombia,0.46257005733094014,,-0.29781998471410986,0.36208492303332557,0.4940144381129505,0.28535549368325025,0.04244510336252366,0.13506198120835436,0.7283919355038644,0.353915784731821,0.32932622155317376,48229000.0,0.30914758852081675,,1.1604274223796938,-0.15392982399673988,0.020788880082486083,0.2467236751742014,0.34498678036811975,2016
-0.6370467275395854,-0.409878724262218,-0.05826937208779176,0.7613703029069269,Costa Rica,1.0279334607354225,,-0.05146707187194436,-0.604758814975507,0.7325314801841198,-0.5283191965239558,0.24322307916318106,-0.4036566400144552,0.3212179695808122,-0.18500356626288192,0.03021619962829171,4808000.0,-0.2452296633609344,,1.0129967592898304,-0.15392982399673988,-0.16574080963768703,0.9650712813745461,-0.7280086033475232,2016
-0.5655614111872672,-0.7926180222782019,0.9432194977091396,0.3043394312670448,Croatia,0.49994945590313733,,0.25687223152975225,-0.5946940786006593,1.7010552267761392,-0.3362015613361431,1.578125296648632,0.259341974395994,-0.6588565023029966,-0.1023982500984891,-0.039677909124240136,4225000.0,-0.2452296633609344,,1.307858085469558,-0.15392982399673988,-0.16722633001980752,1.7239707685700714,-0.8001716235493759,2016
-0.4603414511630686,-0.9239753856618841,-1.3900364861794559,0.202777015347071,Cuba,-1.0372783103784715,,-0.3581419836323543,0.48034557543778933,-1.284021693690309,-0.5170181591599669,-1.2653249552309465,-0.3914027745730171,0.6407090078735442,-0.04937584464285384,-0.04316886720573405,11390000.0,-0.40692302849311185,,-1.0326036910820315,-0.15392982399673988,-0.1538566465807231,-0.8597633634085878,-0.5209694620541129,2016
-0.7294153947364007,-0.052895772007740434,-1.0544311734283565,0.6090266790269662,Cyprus,0.9204676898403558,,0.7525275976161971,-1.1551740854750052,0.7614426367988069,-0.8340750407607685,1.80603543134127,0.6118663349375811,-0.05517986942563721,0.40391373925237445,0.033087857801543205,1165000.0,-0.2452296633609344,,0.4294170512257854,-0.15392982399673988,-0.17523522251471801,0.8376225125325494,-0.8972480673923442,2016
-1.1085285331441996,-0.41245435883836845,0.6076141849580403,2.386368957626508,Denmark,1.6446935371766755,,1.5906578248884167,-1.9049969454011786,1.2529322992484881,-1.9572725876594501,1.4858759564158974,1.1202082686713508,0.4717306506521979,0.9876327697229615,0.10401544792961337,5660000.0,-1.1229936455070404,,0.8655660961999662,-0.15392982399673988,-0.17762497269465097,1.156244434637541,-1.7881177334556921,2016
0.9059116175480882,0.025403519107238936,-0.05826937208779176,-0.6605035199727063,Djibouti,-1.3316410741345241,,-0.7751629458990813,0.19916200296547434,-0.467281519325397,0.8171320851998424,-0.6629910278289748,-2.4732700190447385,-3.170885276665694,-3.1420659539463753,0.02024823231537067,888000.0,0.03195896257994117,,0.28198638813592153,-0.15392982399673988,-0.1752998103574189,-0.8597633634085878,0.6001346017960987,2016
0.12117954927601306,-0.39133415531393345,1.2734977420038724,-0.6097223120127194,Dominican Republic,0.46257005733094014,,-0.221524074621921,0.12619266424782638,0.9059984198722426,0.2602420773188304,0.9757913692466602,-0.3225231519864059,0.3819572691181084,-0.09701094687037629,-0.10520536183585247,10528000.0,1.1407134663434435,,0.5768477143156492,-0.15392982399673988,-0.11058279197112615,0.5479662197098296,0.0013533508354879441,2016
-0.24909832531296036,-0.10028744820891196,-0.7241529291336238,-0.6097223120127194,Ecuador,0.06074152267982036,,-0.42918193259869447,-0.14303903377935678,0.41450875742256127,-0.2822077161526403,1.1440107543769407,0.06340911539025984,0.7448832940780451,0.32310419083068503,0.12059848496306017,16144000.0,-0.2452296633609344,,1.0129967592898304,-0.15392982399673988,-0.13609498983797808,-0.15300200892115168,-0.25379447059249166,2016
-0.3559246969405818,1.1808331899684124,0.6076141849580403,-0.4573786881327587,Egypt,-1.107364682701341,,-0.4681586931346054,0.3325197599322097,-0.17094216402485365,1.3011931856240366,-0.4947716426986943,0.12919302460219176,0.15340097563933833,0.09239529293905682,0.01011459241553127,91508000.0,0.2860485363590771,,-0.15416265683825922,-0.15392982399673988,0.19175289971174447,-0.23989889676796758,0.9557952013623727,2016
-0.2209861222530602,-1.19235650849678,0.6076141849580403,-0.35581627221278495,El Salvador,0.4485527828663661,,-0.5781061735038895,0.24634045472257418,-0.1998533206395407,0.7185619259694941,-0.6629910278289748,-0.5192299393358099,0.22064390954391463,-0.4059775127072201,-0.1735176918418543,6127000.0,-0.4993192371400705,,0.13455572504605776,-0.15392982399673988,-0.16658045159279863,-0.3963132948922364,-0.2263037962298811,2016
0.6657530828363679,-1.5931252485458183,-2.055920043225288,-0.2542538562928111,Equatorial Guinea,-1.8596250789668092,,0.043958033089415254,0.6728336586067564,-2.2453176511286568,0.2602420773188304,-1.2273399327821735,-0.28718042429215274,-1.7663325259887426,-0.9208902844047197,0.08133408186340996,845000.0,-0.4993192371400705,,-1.9110447253258038,-0.15392982399673988,-0.17665615505413762,-2.3080448275221865,-0.16788611320933372,2016
1.5034967340213983,-0.36609293646765717,-2.055920043225288,-1.269878015492549,Eritrea,-1.5465726159246578,,-0.3581419836323543,0.8477084531197399,-2.440467958277795,1.296170502351153,-2.0684368584335755,1.092669318442435,1.2866592641382375,1.2810045104257952,-0.20519665721188554,5228000.0,0.3784447450060357,,-1.76361406223594,-0.15392982399673988,-0.1554713426482454,-2.3080448275221865,0.9824267921511513,2016
-1.2418606962282983,-1.0707865565024701,-0.38854761638252444,1.3707447984267698,Estonia,1.0139161862708483,,0.5391301703443068,-0.6305497019360551,-0.11311985079547955,-0.183637556922292,-0.9668712074191586,1.0274658554882559,0.6259596942191729,0.9774252478170635,0.018437667615477212,1310000.0,-0.2452296633609344,,1.6027194116492856,-0.15392982399673988,-0.17484769545851267,-0.5585208188729595,-1.0570376121250182,2016
1.7950604400426506,1.4342756322616346,1.2734977420038724,-0.4573786881327587,Ethiopia,-0.9718643628771263,,-0.8902355016574132,0.8672088798460079,-0.35886468202032024,-0.506972792614199,-0.4242280295795446,1.257516055644099,1.4191708143716102,1.4719229757027679,0.47067649487775337,99391000.0,-0.2221306111991949,,-0.15416265683825922,-0.15392982399673988,0.08757270943520734,-1.0741090200974004,1.200634019904373,2016
-1.0153566601456727,-0.4773603501573645,0.9432194977091396,2.3355877496665207,Finland,1.5652623152107565,,1.212352951763372,-1.503036536430688,1.0144152571773195,-1.4537485895528306,1.1331578908201483,1.086671373778994,0.15990461000662007,0.8362211947854805,0.08173248498909458,5485000.0,-0.8920031238896442,,0.7242783774055134,-0.15392982399673988,-0.1739434656607002,0.7507256246857335,-1.4814248975978184,2016
-0.9687707236464094,0.6615852594164451,0.27733594066330747,1.3199635904667828,France,1.046623160021521,,1.0937321516292398,-1.247643850918921,1.1517432510970833,-1.5209269783276538,1.9416962258011736,0.7471103129938756,-0.043682372954905985,0.4976717182398785,0.07194596860470316,66389000.0,-1.1229936455070404,,0.8655660961999662,-0.15392982399673988,-0.17052030999755297,0.7391393729728248,-0.9290341596241127,2016
-0.06596740252275228,-0.7704675649233065,-0.7241529291336238,-0.4065974801727718,Gabon,-0.9064504153757812,,-0.2776719361599637,0.35327827870533357,-0.814215398701643,0.009107913674631051,-0.9126068896351972,-1.0246051477521794,-2.0343751709831532,-1.5754948836662621,0.04301637926043607,1725000.0,-0.4993192371400705,,-0.5964546461078507,-0.15392982399673988,-0.17497687114391444,-0.5701070705858682,-0.21513570977007035,2016
-0.24588550210611468,-0.47890573090305494,-0.05826937208779176,-0.863628351812654,Gambia,-1.2942616755623269,,-0.889066648356528,0.8389018087917478,-0.6841151939355506,2.0056245146460165,-0.3211258257900176,0.12919302460219176,0.15340097563933833,0.09239529293905682,0.01011459241553127,1991000.0,0.8635248404025679,,-0.5964546461078507,-0.15392982399673988,-0.16696797864900398,-0.9987983839634933,0.7075200485250461,2016
-0.3133547894498755,-0.38669801307686213,0.9432194977091396,0.71058909494694,Georgia,0.11681062053811617,,-0.3639396864322776,0.3167936093465098,1.173426618558099,-0.39459025438341944,0.9540856421330757,0.41406314910131187,1.0778461464172882,0.6722392456490706,-0.02793093379464818,4487000.0,-0.08353629822875709,,0.28198638813592153,-0.15392982399673988,-0.16477199199717368,1.6081082514409835,-0.2718352256429543,2016
-0.9928668976977526,0.4550193664091641,0.27733594066330747,1.9293380859866256,Germany,1.3783653223497714,,1.4813451187677835,-1.4061634488227763,1.3468935582462218,-1.3451330637767143,1.28509798061524,1.119950292556795,0.7228173917604795,1.093110496083903,1.7179741221758138,80738000.0,-1.1229936455070404,,1.4552887485594215,-0.15392982399673988,-0.1689056139300307,1.2663138259101747,-1.0158016005811024,2016
0.4890478064598518,-0.18888927762849364,-0.7241529291336238,-0.0003478164928766127,Ghana,0.49994945590313733,,-0.7575847396613314,0.37277870543160163,-0.9081766576993762,0.3274204660936538,-0.5924474147098249,0.6100605021356845,-0.1612123368779319,0.35098584788846093,0.04151349222196241,27410000.0,-0.2914277676844137,,-0.5964546461078507,-0.15392982399673988,-0.11155160961163951,-1.0335571391022198,0.2917235987905614,2016
-0.7703788906236841,0.35250911027836923,-1.0544311734283565,0.05043339146711029,Greece,0.7242258473363206,,0.3604140255765757,-0.5236118779532953,-0.2576756338689153,-0.25960564142466236,-0.22887648555728343,0.15634501065927334,-0.16272210914176585,0.01659499137859462,-0.09358066865374787,10942000.0,-0.2452296633609344,,-1.0326036910820315,-0.15392982399673988,-0.14972302464786608,0.8144500091067318,-0.3268165743681754,2016
0.15411098714618177,-0.597384921405984,0.9432194977091396,-0.7620659358926801,Guatemala,0.11213819571659162,,-0.5895363775289024,0.17525825407521028,0.4506477031909202,0.9345373067035054,0.5633825540885533,-1.0255725581817665,0.9728589059168782,-0.41826434463098594,-0.14104192022045386,16343000.0,0.7711286317556093,,0.5768477143156492,-0.15392982399673988,-0.08907504035172946,-0.12982950549533417,0.1714518984541404,2016
0.7428608398006661,-0.16776907410405845,-0.38854761638252444,-0.8128471438526671,Guinea,-1.18679590466726,,-0.8735151629201616,1.3163477405735984,-1.8550170368303802,0.6557783850584442,-1.5257936805939611,-0.6288697880223625,-1.2998128964642421,-1.044231174100982,-0.04215116417180701,12609000.0,0.30914758852081675,,-1.6161833991460761,-0.15392982399673988,-0.12627763774744266,-2.1458373035414633,0.80201924164652,2016
0.6561146132158309,-0.48714776154673695,-0.7241529291336238,-1.371440431412523,Guinea-Bissau,-1.7287971839641192,,-0.8927574668124691,1.0137766033047313,-1.4719442116857755,1.75888519886559,-0.4947716426986943,-0.49433524428109826,-1.357300378817895,-0.9634216256792931,0.00835530732587445,1844000.0,0.26294948419733744,,-2.0584753884156677,-0.15392982399673988,-0.1709078370537583,-1.450662200766936,0.9197136912614462,2016
-0.5430716487393469,-1.3453492023201274,-0.7241529291336238,-0.4573786881327587,Guyana,0.266328214826905,,-0.41821352482434365,-0.41604500794710764,-0.373320260327664,2.5907671159370005,0.5199710998613843,-0.8330578826939077,-0.4989367786646507,-0.8764686612957211,-0.01104810827058721,767000.0,0.26294948419733744,,-0.15416265683825922,-0.15392982399673988,-0.17517063467201713,-0.8192114824134071,0.038293944510245835,2016
1.9171477219027897,-1.510704942108998,0.6076141849580403,-1.1683155995725754,Haiti,-0.7756225203730914,,-0.8285548098788679,0.7369963529964123,-0.5756983566304739,0.9979486830236661,-0.21259719022209478,0.4348302263231175,-0.6622244558146244,0.019713956405396776,-0.11988316411973818,10711000.0,1.1407134663434435,,-1.6161833991460761,-0.15392982399673988,-0.10942021080251012,-0.3673476656099644,0.4755674835905195,2016
0.19989371784373378,-0.8008600529218839,-0.05826937208779176,-0.6605035199727063,Honduras,0.11213819571659162,,-0.727937505719811,0.49041031181263706,-0.43837036271071,1.122887929436655,-0.5110509380338828,-0.6311915730533719,0.7079519417781205,-0.18679933400558665,-0.012523383211241135,8075000.0,-0.4993192371400705,,0.28198638813592153,-0.15392982399673988,-0.16289894455884785,-0.8829358668344054,0.27110559301860393,2016
-0.9350360799745289,-0.44439222758263636,1.6091030547549716,0.2535582233070579,Hungary,0.48593218143856326,,0.3591192037040191,-1.4030182187056364,1.166198829404427,-0.4190758353387289,0.04244510336252366,0.39690773748329794,0.08383531517501723,0.29380482239709127,0.009972587341029822,9836000.0,-0.6379135501105083,,1.307858085469558,-0.15392982399673988,-0.16373858651395942,1.156244434637541,-1.0578966956988496,2016
-1.6153513940241175,-0.870402186477951,-0.05826937208779176,1.776994462106665,Iceland,1.7848662818224152,,1.6134540300301978,-1.3262746038474207,0.10371382381467407,-1.3689908093229133,0.6013675765373265,1.873240547062052,1.853288408387688,2.1043167634098108,0.030070249968387447,331000.0,-0.8920031238896442,,-0.5964546461078507,-0.15392982399673988,-0.1780124997508563,0.3220343113081084,-1.7159547132538395,2016
0.3492899969620613,2.8771461218212186,0.27733594066330747,-0.15269144037283733,India,0.9952264869847497,,-0.7041139117944695,-0.5594675012886912,0.0314359322779562,0.10328322504120582,0.21066448849280414,-1.8496127621041702,0.37220181756718496,-1.1464954213434002,0.2825473832611553,1311051000.0,2.0646755528130285,,-0.5964546461078507,-0.15392982399673988,11.676633913098776,0.2467236751742014,1.137061835440836,2016
0.885028266703591,0.2103340816748541,0.6076141849580403,-0.305035064252798,Indonesia,0.6027428019766794,,-0.4798486486598881,-0.42862592841566777,0.04589151058529998,0.5113762409630298,-0.02809850975662603,-0.24622671610629296,0.8904021130459813,0.17367741181935223,-0.13862388936852643,257564000.0,-0.4993192371400705,,-0.006731993748395421,-0.15392982399673988,0.2971602589995985,-0.12982950549533417,0.3527185325326036,2016
1.010328371770575,2.5345867231931845,-0.05826937208779176,-1.320659223452536,Iraq,-0.7475879714439433,,-0.48530594327791365,1.5887246687179213,-0.09143648333446389,0.9922981643416714,-0.21259719022209478,-2.6966128402221106,-0.1588896103181888,-2.093054049931957,-0.2842855945383861,35730000.0,1.4410011444460584,,-0.006731993748395421,-0.15392982399673988,0.08253485770453785,-0.12982950549533417,2.2091981355826467,2016
-0.7800173602442212,0.06197753008857795,-1.0544311734283565,1.5230884223067305,Ireland,1.6213314130690528,,2.4492983208152865,-1.6917503434590873,1.0722375704066935,-1.382803188323344,1.6378160462109892,0.5875520861406214,0.36848545507159564,0.547669672760432,0.08870651198127677,4659000.0,-1.1229936455070404,,0.4294170512257854,-0.15392982399673988,-0.17775414838005277,1.7239707685700714,-1.2331497447604918,2016
-0.6956807510645201,1.0262951153993745,0.6076141849580403,1.0660575506668484,Israel,1.0139161862708483,,0.8502788962796801,-0.7739721952776387,0.5735201188033403,-0.2483046040606734,0.3734574418446884,0.8035425880531308,0.18580301114776104,0.6371745176204785,0.066163206404172,8343000.0,-0.8458050195661649,,0.4294170512257854,-0.15392982399673988,-0.17077866136835654,0.5769318489921016,-0.1068911794672915,2016
-0.8699764100359024,0.34169144505853655,-0.05826937208779176,0.202777015347071,Italy,1.074657708950669,,0.9577675569982727,-0.6022426308817951,0.6819369561084171,-0.5408759047061659,1.344788730177598,-0.10201806806915655,-0.12044848575443194,-0.15475905691207498,0.20946210491774367,61373000.0,-0.6841116544339876,,0.8655660961999662,-0.15392982399673988,-0.0945650069813052,0.1598267873273855,-0.4805925340840281,2016
-0.1141597506254387,-1.1975077776490812,2.274986611800804,-0.20347264833282422,Jamaica,0.7989846444807146,,-0.5089274924528627,-0.1732332429039005,0.9349095764869296,0.24454619209106795,1.127731459041752,0.2998442243813794,-0.10778962600382833,0.14390547292714986,-0.03084203782192785,2734000.0,-0.6841116544339876,,-0.006731993748395421,-0.15392982399673988,-0.1745247562450082,0.46106933186301374,-0.5046468741513124,2016
-1.0635490082483592,-0.6592001512335991,-1.0544311734283565,1.4723072143467435,Japan,1.0793301337721937,,0.9525625693778623,-1.3042579930274407,-0.6624318264745352,-1.260375283546797,-1.1785020467766083,0.7363398102111377,1.1534508959369434,0.9907517347497636,0.6331184663512007,127046000.0,-0.6379135501105083,,-0.5964546461078507,-0.15392982399673988,0.009163068396325708,0.1598267873273855,-1.4358934681847448,2016
-0.35030225632860174,0.2989359110944358,0.9432194977091396,0.2535582233070579,Jordan,-0.8036570693022391,,-0.5218694995233485,0.1526125972318024,0.09648603466100218,0.7486980256067979,0.058724398697712316,-2.6673325512199373,-1.5541514547561655,-2.482357593731884,0.20788821534201932,6718000.0,0.30914758852081675,,-0.7377423649023038,-0.15392982399673988,-0.15056266660297765,0.2988618078822909,0.33897319535129866,2016
-0.8233904735366391,-0.5051772035797912,-1.0544311734283565,-0.7112847279326933,Kazakhstan,-1.2241753032394573,,0.16936736613475906,0.8231756582060479,-0.5467872000157868,-0.8817905318531664,0.16182660248723893,1.0511996580274623,0.6553421851999294,0.9927365306759105,-0.015521268117382803,17488000.0,-0.08353629822875709,,-1.1800343541718952,-0.15392982399673988,-0.12556717147773286,-0.08927762450015367,-0.4513836925737547,2016
1.6472705725277463,2.078699403214523,-1.7203147304741888,-0.863628351812654,Kenya,-0.16353486875336248,,-0.7773650013340077,0.5388468556165931,-1.1900604346925758,0.28347198745591873,-0.7443875045049169,0.9421402555986615,0.18104142170028703,0.734618546185111,-0.1034145200629731,46050000.0,-0.2221306111991949,,-0.7377423649023038,-0.15392982399673988,-0.05632900410237774,-1.039350264958674,1.5880807117024152,2016
0.555713888001901,-0.8235256371920094,0.27733594066330747,-0.35581627221278495,Kosovo,0.11681062053811617,,-0.5029999613200189,0.5753315249754168,0.48678664895927914,-0.00658797155313141,1.019202823473829,0.12919302460219176,0.15340097563933833,0.09239529293905682,-0.10994675349003968,1845000.0,-0.4993192371400705,,-0.44902398301798685,-0.15392982399673988,-0.17478310761581178,0.47844870943237716,-0.00036481631217548345,2016
-0.35030225632860174,-0.82610127176816,-0.7241529291336238,-0.10191023241285041,Kuwait,-0.8550537423390102,,1.5570443306344532,0.83827276276832,-1.0238212841581247,-0.05869831050930312,-0.4242280295795446,-0.38708167465419413,1.4412367166891742,0.7246945665543781,-0.3442630155882335,3892000.0,-0.08353629822875709,,-0.5964546461078507,-0.15392982399673988,-0.16651586375009772,-1.450662200766936,-0.17218153107849138,2016
-0.32138684746699003,-0.5175402495453144,-0.05826937208779176,-0.7620659358926801,Kyrgyzstan,-0.3504318616143485,,-0.7457128300593812,0.5155721527497569,-0.467281519325397,-0.36822116720077885,-0.2939936668980369,0.12919302460219176,0.15340097563933833,0.09239529293905682,0.01011459241553127,5934000.0,-0.08353629822875709,,-0.30159331992812305,-0.15392982399673988,-0.1603800186935131,-0.6859695877149561,-0.25207630344482823,2016
-0.9703771352498323,-0.9775485848458172,0.27733594066330747,0.71058909494694,Latvia,0.7616052459085174,,0.3257717674398355,-0.2524930418558281,0.9276817873332578,-0.5659893210705857,0.49283894096940367,1.1122110091200967,0.3536200050892366,0.9256315255538053,-0.026940842858540866,1979000.0,-0.2452296633609344,,1.0129967592898304,-0.15392982399673988,-0.1731038237055886,1.1041063019294515,-0.947074914674576,2016
-0.24186947309755744,1.343098168265902,-0.05826937208779176,-0.7620659358926801,Lebanon,-0.38313883536502075,,-0.16176406452828349,0.5929448136314008,-0.4311425735570381,0.5490463655096594,-0.4947716426986943,-1.7584182056084139,-0.34644978001748344,-1.4763496014506459,-0.8862017149105906,4591000.0,0.2860485363590771,,-0.7377423649023038,-0.15392982399673988,-0.15973414026650418,-0.12982950549533417,0.8853503483081832,2016
1.6006846360284825,-1.1511463552783696,0.6076141849580403,-0.20347264833282422,Lesotho,0.4251906587587429,,-0.851211200622384,-0.35439849765116405,-0.23599226640789964,1.6320624462252695,-0.8366368447376513,0.1451875437047005,-0.2639929871465866,-0.03397004769228653,-0.0013838740336831509,2135000.0,0.3784447450060357,,0.28198638813592153,-0.15392982399673988,-0.1689702017727316,-0.4832101827390523,0.3853637083382039,2016
0.9870354035209433,-0.12861942854656894,-0.38854761638252444,-0.305035064252798,Liberia,-0.17287971839641197,,-0.9063113456170697,0.7527225035821122,-0.6768874047818788,0.13906984336050424,-0.7443875045049169,1.050232247597875,0.7555678362528654,1.0435851120219555,-0.09195549946778686,4503000.0,0.30914758852081675,,-0.30159331992812305,-0.15392982399673988,-0.15973414026650418,-0.7323145945665912,0.5150853279867722,2016
-0.7502987455808982,1.0963523758706717,-0.05826937208779176,-1.4730028473324968,Libya,-1.6026417137829536,,-0.09884255908433867,2.005782182250684,-0.09143648333446389,2.4614330216602376,-0.21259719022209478,-1.3279205644420962,-1.3197883448780368,-1.5185028863583339,-0.006196268225121091,6278000.0,1.4410011444460584,,-0.006731993748395421,-0.15392982399673988,-0.1324780706467282,-0.12982950549533417,1.7830926829621834,2016
-0.9438713437933549,-0.7720129456689967,-0.7241529291336238,0.8121515108669138,Lithuania,0.8363640430529118,,0.5351883298972597,-0.6840186139274346,0.8554038957965399,-0.5107398050688617,0.7424548027756259,1.0867358678076333,0.15340097563933833,0.8281874969891728,-0.054529273165849844,2920000.0,-0.2452296633609344,,1.1604274223796938,-0.15392982399673988,-0.17064948568295477,1.127278805355269,-0.9822973412016708,2016
-1.0996932693253738,0.9016344019136838,1.6091030547549716,1.9293380859866256,Luxembourg,1.4624689691372148,,4.535204814992124,-1.4451643022753122,-0.5178760434010997,-2.038891190843815,-0.5110509380338828,0.5415678437209087,-0.06412236668064984,0.3532541860897716,0.0632915482309205,562000.0,-1.1229936455070404,,-1.76361406223594,-0.15392982399673988,-0.178206263278959,-0.3905201690357819,-1.1094417101287446,2016
1.4890390295905924,-0.8209500026158587,-0.38854761638252444,-0.863628351812654,Madagascar,-0.2850179141130032,,-0.906164172067136,0.2771637098705458,-0.9154044468530478,0.6670794224224332,-1.4498236356964154,1.770953017640362,1.5643412243555848,1.907160368079234,0.015759294126963804,24235000.0,0.3784447450060357,,-0.7377423649023038,-0.15392982399673988,-0.07273431614840405,-0.49479643445196103,0.3784910397475514,2016
1.9605208351952073,-0.5597806565941847,-1.3900364861794559,-0.6097223120127194,Malawi,-0.06074152267982036,,-0.9105037813002933,0.5451373158508732,-1.0671880190801555,0.3481390345943001,-1.0862527065438736,0.513125977091044,-0.27270321174562373,0.22121799995515296,-0.00784116033809619,17215000.0,0.3784447450060357,,-1.0326036910820315,-0.15392982399673988,-0.10328436574592548,-0.4426583017438714,0.5958391839269405,2016
0.00792753123469992,0.4328689090542687,-0.38854761638252444,0.3043394312670448,Malaysia,0.4018285346511198,,0.20013800871892093,-0.6959704883725668,-0.34440910371297645,0.2608699127279408,0.5633825540885533,-0.1771536114337648,0.5206240447347996,0.09239529293905682,0.3993781137218183,30331000.0,-0.17593250687571557,,-1.1800343541718952,-0.15392982399673988,-0.09508170972291231,-0.1935538899163326,0.03399852664108757,2016
0.14045648851708717,1.3127056802673245,0.27733594066330747,-0.5589411040527326,Mali,0.00934484964304951,,-0.8784902908522356,1.1370696238966194,-1.3707551635343704,-0.6620481386644919,-1.5800579983779226,0.2862359843385191,0.6426833254493258,0.4564635742494024,-0.1056510999863709,17600000.0,0.2860485363590771,,-1.3274650172617595,-0.15392982399673988,-0.10709504846527804,-1.4274896973411184,0.7461788093474668,2016
0.6593274364226765,-0.06113780265142246,-1.3900364861794559,-0.8128471438526671,Mauritania,-0.8036570693022391,,-0.7377265999557886,1.257846460394794,-1.016593495004453,0.4781009642801733,-0.4730659155851098,-1.9246193174115003,-1.921839069163576,-2.291439128454911,0.001976912729517771,4068000.0,1.2793077793138814,,-0.8851730279921677,-0.15392982399673988,-0.15049807876027677,-0.8597633634085878,0.7436015586259727,2016
-0.6298178753241824,-1.5931252485458183,-1.0544311734283565,0.5582454710669793,Mauritius,1.214830453596408,,0.03248339913454592,-1.0520105376328137,-0.7274819288575815,-0.9828720327199567,-0.7443875045049169,-0.3959818506063965,0.47347269557200566,-0.12007238525036706,0.003755920746188681,1265000.0,-0.776507863080946,,-0.5964546461078507,-0.15392982399673988,-0.1769145064249412,-0.3152095329018749,-1.527815410584724,2016
-0.15833606971956787,1.5414220306295008,0.6076141849580403,-0.6605035199727063,Mexico,0.3691215609004471,,-0.01021603948363514,-0.18455607132560442,0.9132262090259144,0.6658237516042125,1.1928486403825058,-0.6509267458169518,0.701912852722788,-0.2673253401521123,0.14438827952745542,127017000.0,-0.47622018497833085,,1.1604274223796938,-0.15392982399673988,0.06509614017529729,0.2988618078822909,0.7650786479717622,2016
0.3541092317723301,-1.4622830120773662,-0.38854761638252444,-0.2542538562928111,Mongolia,0.43920793322331697,,-0.4542597118438853,-0.42422260625167174,-0.6407484590135198,-0.08569523310105454,-0.5110509380338828,-0.07899369984498049,-1.0254988897585227,-0.5067295344820982,0.043312223165647416,2959000.0,-0.4993192371400705,,-0.44902398301798685,-0.15392982399673988,-0.17265170880668237,-0.6975558394278648,-0.6893498425251021,2016
-0.817768032924659,-0.43666532385418455,0.9432194977091396,0.1012145994270972,Montenegro,0.018689699286098604,,-0.0872945232816385,-0.2694772844883842,1.2529322992484881,-0.26086131224288356,1.0571878459226023,0.07598545097489386,-0.5549144887544712,-0.20125999003894074,0.00551915042124832,622000.0,-0.2452296633609344,,0.28198638813592153,-0.15392982399673988,-0.17665615505413762,1.7239707685700714,-0.5819643957961548,2016
-1.1045125041356427,-0.5020864420884106,-1.0544311734283565,-0.305035064252798,Morocco,-0.4251906587587429,,-0.6167473387051602,0.6206228386622327,-1.2912494828439807,0.8692424241560136,-0.8963275943000087,-2.0890145964126905,-0.2984854765587786,-1.6667954962690126,-0.21200501161714938,34378000.0,0.30914758852081675,,-0.15416265683825922,-0.15392982399673988,-0.036371360707802426,-1.9314916468526506,0.004789685130814189,2016
1.295466431378136,0.2026071779464023,-1.3900364861794559,-0.8128471438526671,Mozambique,-0.7756225203730914,,-0.9170903500703769,-0.38081843063514004,0.060347088892643244,0.7637660754254499,0.5145446680829882,1.3781198891993074,0.44130293271955673,1.1600264730225647,0.3182419365712552,27978000.0,0.03195896257994117,,-0.44902398301798685,-0.15392982399673988,-0.08423095214916264,0.8144500091067318,0.5614758409736774,2016
1.4279953886605232,1.8061972650577856,0.6076141849580403,-0.7620659358926801,Myanmar,-0.6915188735856475,,-0.76841231830903,0.7451739513009765,-0.4455981518643819,0.5207937720996872,-1.748277383508203,-0.25970596809187524,0.6469803695848522,0.04362602161087905,-0.33302094719020225,53897000.0,1.048317257696485,,-0.30159331992812305,-0.15392982399673988,0.1544211266306295,0.0729298994805696,1.5674627059304571,2016
0.9115340581600683,-0.70350106594339,-0.38854761638252444,0.4566830551470055,Namibia,0.2943627637560527,,-0.47471146765601385,-0.43806161876708766,-0.6985707722428942,0.5766711235105216,-1.0374148205383085,0.05760465281273669,-1.0052911686887542,-0.4106087032015632,-0.020061485916026304,2459000.0,0.3784447450060357,,-0.15416265683825922,-0.15392982399673988,-0.16754926923331198,-0.6801764618585016,-0.0020829834598383003,2016
0.8745865912813421,0.47820007759452,1.9393812990497046,-0.7112847279326933,Nepal,-0.38313883536502075,,-0.8247908977869893,-0.23047643103584853,0.5156978055739662,-0.4705583388857898,-0.16375930421652957,-1.835617557889475,-2.152253543890141,-2.356748365834311,-0.37278631263601036,28514000.0,0.72493052743213,,0.4294170512257854,-0.15392982399673988,-0.02674777214536967,0.17141303904029404,0.1937880713737613,2016
-1.1623433218588661,-0.17240521634112976,2.6052648560955367,2.0309005019065993,Netherlands,1.4577965443156902,,1.5746697833845926,-1.784220108903003,2.705717919136518,-1.2930227248205428,2.0610777249258883,1.1845733092532216,0.9614775457741346,1.2344090632072078,0.248659450065546,16896000.0,-0.9382012282131235,,2.769878827777375,-0.15392982399673988,-0.16696797864900398,2.013627061392791,-1.4341753010370815,2016
-0.8105391807092561,-0.5365999454088289,0.27733594066330747,2.386368957626508,New Zealand,1.6727280861058236,,0.9952584517049664,-2.054080852953614,1.0722375704066935,-1.6414713768768696,0.3734574418446884,1.187669022627901,1.0727361479858526,1.2716476153453888,0.21112277537233004,4552000.0,-1.1229936455070404,,2.038868456623466,-0.15392982399673988,-0.17775414838005277,0.8028637573938233,-1.7030684596463659,2016
-0.03303596465258329,-0.4253325317191216,0.9432194977091396,-0.863628351812654,Nicaragua,-0.4065009594726443,,-0.7067365721459425,-0.15310377015420454,0.6168868537253711,-0.15350145728498826,1.3556415937343897,-0.3860497701959674,0.9719298152929812,0.05383354351677701,-0.07719880547584479,6082000.0,-0.2452296633609344,,-0.15416265683825922,-0.15392982399673988,-0.1623822418172407,0.2467236751742014,-0.29073506426724954,2016
1.2721734631285044,0.43544454363041957,-0.7241529291336238,-0.4065974801727718,Niger,-0.8036570693022391,,-0.9244076797561426,0.7382544450432685,-1.2334271696146066,-0.00658797155313141,-0.6412853007153901,0.4080652044378708,1.052760699572058,0.719685319693151,0.07235620548659623,19899000.0,0.30914758852081675,,-0.8851730279921677,-0.15392982399673988,-0.09624429089152836,-1.5896972213218417,0.7719513165624147,2016
1.245667671672027,2.519648042651511,0.6076141849580403,-0.7620659358926801,Nigeria,-0.5513461289399082,,-0.7316445361213422,0.9420653566339395,0.47233107065193536,1.1002858547086771,1.0029235281386408,-0.1948249752808916,-1.3431317468034591,-0.7127702544344751,-0.20040398594746167,182202000.0,-0.06043724606701744,,-0.5964546461078507,-0.15392982399673988,0.38719571172464057,0.6290699817001915,2.081194683081742,2016
-0.9984893383097327,0.1531549940843101,-0.05826937208779176,2.1324629178265733,Norway,1.985780549147975,,2.034610029442164,-1.766606820247019,1.4842215521659856,-1.7193229676065713,2.2401499736129615,1.2008258044702869,0.45535542840600496,1.0429235133799062,0.1180818394760623,5188000.0,-1.1229936455070404,,0.8655660961999662,-0.15392982399673988,-0.17768956053735188,1.5096251118812596,-1.394657456640829,2016
-0.90772708271634,-0.9955780268788718,-1.3900364861794559,0.1012145994270972,Oman,-1.2335201528825066,,0.6918619187282639,0.7351092149261282,-0.6768874047818788,1.296170502351153,-0.6412853007153901,-1.6360730332799487,1.5809487192577516,0.4997510282577457,0.48116909204924924,4491000.0,-0.4993192371400705,,-0.44902398301798685,-0.15392982399673988,-0.16974525588514228,-0.21672639334215008,0.036575777362582405,2016
0.7749890718691236,3.341275472443563,-0.7241529291336238,-0.5589411040527326,Pakistan,-0.6307773509058271,,-0.7535681696844515,0.7822876666832281,-0.09143648333446389,0.6570340558766654,-0.22345005377888721,-2.12235800921913,0.616552651652211,-1.2807999456793302,-9.020875626847142,188925000.0,1.4410011444460584,,1.307858085469558,-0.15392982399673988,1.2006150026996616,-0.6570039584326841,2.092362769541552,2016
-0.2563271775283633,-0.4315140547018832,-0.05826937208779176,-0.2542538562928111,Panama,0.6775015991210739,,0.4667163550090699,-0.5349347063749993,-0.13480321825649472,0.2476853691366203,1.7354918182221197,-0.14903421494709593,0.6313019653065822,0.12311237274846973,0.05372198404368407,3929000.0,-0.2452296633609344,,0.13455572504605776,-0.15392982399673988,-0.1680013841322182,-1.6186628506041136,-0.3465754965663021,2016
2.451279580040896,-0.45469476588723884,-0.7241529291336238,-0.7620659358926801,Papua New Guinea,0.16353486875336287,,-0.7925590700336849,0.2614375592848458,-1.9272949283670981,3.626695540969323,-0.9451654803055741,-0.6014598258507244,-3.0945837091781168,-1.7247326344941534,0.12616429496643633,7619000.0,0.26294948419733744,,-2.494624433389849,-0.15392982399673988,-0.14778538936683935,-1.9314916468526506,1.7959789365696575,2016
-0.8924661724838228,-0.29809618365728047,-0.05826937208779176,-0.6605035199727063,Paraguay,0.2756730644699541,,-0.35445643322892867,0.0035286896793670546,0.5012422272666224,-0.20812313787760148,0.7858662570027952,0.17291997601953443,1.1967697462761604,0.5918077535942667,-0.05216252192415905,6639000.0,-0.2452296633609344,,1.307858085469558,-0.15392982399673988,-0.1609613092778211,-0.22831264505505905,-0.43334293752329145,2016
-0.02821672984231476,-0.08225800617585766,1.2734977420038724,-0.4065974801727718,Peru,0.45322520768789104,,-0.394401737785378,-0.13297429740450858,0.34945865503951473,0.16167191808848216,-0.6955496184993515,0.9371742153934471,1.1913113388607632,1.1349802387164272,0.3322728268490788,31377000.0,0.30914758852081675,,0.4294170512257854,-0.15392982399673988,-0.048772226506373494,0.46106933186301374,-0.0321509085439437,2016
0.5854325026652241,1.134471767597701,0.6076141849580403,-0.4065974801727718,Philippines,0.5887255275121058,,-0.6175124391674827,-0.07573110927256099,1.0288708354846632,0.6344319811486876,1.1765693450473171,-0.47827623114995055,0.08708713235865893,-0.3235612247262694,0.3256695908847615,100699000.0,-0.2452296633609344,,1.4552887485594215,-0.15392982399673988,0.0807263981089129,0.38575869572910676,0.8209190802708146,2016
-1.0306175703781901,-0.4428468468369461,1.6091030547549716,0.9644951347468745,Poland,0.5373288544753345,,0.3726089744348034,-0.7047771327005589,0.9421373656406016,-0.8265410158514426,0.3734574418446884,0.32654475223798707,-0.022777833917212845,0.20165358296884853,0.00608717071925411,38025000.0,-0.06043724606701744,,1.307858085469558,-0.15392982399673988,-0.06130226799034634,0.3625861923032893,-0.9840155083493339,2016
-0.7800173602442212,-0.7745885802451473,1.6091030547549716,0.9644951347468745,Portugal,1.0185886110923732,,0.5314771741980792,-1.5388921597660838,1.751649750851842,-1.643354883104201,1.7571975453357045,0.861587213828365,0.12181189442682479,0.6435069617658031,-0.018215419947507486,10384000.0,-0.8920031238896442,,1.7440071304437383,-0.15392982399673988,-0.17000360725594585,1.080933798503634,-1.6188782694108712,2016
-1.3711768303038403,-1.0110318343357754,-0.7241529291336238,0.9137139267868877,Qatar,-1.1681062053811615,,3.657958847328701,0.17777443816892222,-0.1564865857175104,0.5189102658723557,0.17267946604403098,0.049478405204203636,2.3128398582329575,2.0073453053037844,0.559993742153761,2235000.0,1.9722793441660706,,-1.1800343541718952,-0.15392982399673988,-0.15870073478328992,0.7275531212599159,-0.5501783035643862,2016
-0.5197786804897152,-0.6792901009275741,0.9432194977091396,0.2535582233070579,Romania,0.43920793322331697,,0.19534986582995828,-0.42170642215795984,-0.03361417010508979,-0.6532584429369451,-0.22887648555728343,-0.07518855215527087,-0.15145688532700846,-0.14502410546478295,-0.23861518474455948,19849000.0,-0.2452296633609344,,-0.30159331992812305,-0.15392982399673988,-0.12647140127554532,-0.12982950549533417,-0.7898626206633969,2016
1.2304067614395093,0.5188951038976999,-0.38854761638252444,0.5582454710669793,Rwanda,-1.2195028784179327,,-0.8881460952986444,0.5960900437485407,-0.22876447725422827,0.2508245461821726,0.22151735204959658,-0.0315905887952062,-0.9016975641241903,-0.4391519589013878,0.003570525232256236,11610000.0,0.30914758852081675,,-0.006731993748395421,-0.15392982399673988,-0.13041125968029968,-0.5179689378777788,0.8346644174521196,2016
-0.11335654482372715,-0.1590119165451464,-0.7241529291336238,0.1519958073870841,Saudi Arabia,-1.7521593080717426,,1.3301600724990688,1.1936837660051387,-0.814215398701643,-0.3161108282446071,-0.364537280017187,-2.1294523523694364,0.617249469620134,-0.7681555121831413,0.6900625012262811,31540000.0,-0.4993192371400705,,-1.0326036910820315,-0.15392982399673988,-0.1187854479941393,-0.6454177067197754,0.20237890711207723,2016
0.8014948633256014,0.18303235516765734,-0.7241529291336238,0.1012145994270972,Senegal,0.2476385155408064,,-0.8307962832440926,-0.06252114278057298,-0.05529753756610495,-0.3311788780632592,-0.46221305202831736,-1.089808610706359,-1.4567130755749218,-1.457068726739506,-0.08366398095106346,15129000.0,0.03195896257994117,,-0.006731993748395421,-0.15392982399673988,-0.1274402189160587,0.5653455972791931,0.15598839412517201,2016
-0.8498962649931164,-0.251219634371339,-0.38854761638252444,-0.05112902445286351,Serbia,0.4158458091156938,,-0.21129466413338682,0.1154988818495503,0.9710485222552886,-0.7530842729855143,1.9308433622443812,0.09378580287929913,-0.27026434885789286,-0.07839167080128509,0.037123168668626,7087000.0,-0.2452296633609344,,-0.006731993748395421,-0.15392982399673988,-0.15973414026650418,1.2663138259101747,-0.5501783035643862,2016
1.6834148336047607,-0.7328633001115072,0.27733594066330747,-0.6605035199727063,Sierra Leone,-0.527984004832285,,-0.9040332709040798,0.2897446303391059,0.21935845027342277,-0.03232922332666208,0.24322307916318106,-0.11678720062752156,-2.1673512665284744,-0.9948003041307562,0.03221610442752043,6453000.0,0.3784447450060357,,-0.006731993748395421,-0.15392982399673988,-0.1501751395467723,0.26410305274356444,0.23244683219618262,2016
-0.8209808561315047,-1.5931252485458183,-2.055920043225288,2.0816817098665865,Singapore,0.32706973750672536,,3.349155187146767,-1.0136387302037055,-1.0021379166971092,-1.3595732781862557,-1.015709093424724,0.7382101370416737,0.8058548662713134,0.8862191493060341,0.15781564823864783,5563000.0,-0.776507863080946,,-0.7377423649023038,-0.15392982399673988,-0.17232876959317792,-0.21672639334215008,-1.6944776239080501,2016
-0.9149559349317429,-0.7987995452609632,-0.38854761638252444,-0.2542538562928111,Slovakia,0.7522603962654683,,0.4119847982467768,-0.8488286720655703,0.48678664895927914,-0.6676986573464864,0.06957726225450436,0.12919302460219176,0.15340097563933833,0.09239529293905682,0.01011459241553127,5426000.0,-0.6379135501105083,,0.4294170512257854,-0.15392982399673988,-0.17026195862674942,1.051968169221362,-1.0956963729474394,2016
-0.8233904735366391,-0.9378838123730974,0.9432194977091396,0.9137139267868877,Slovenia,0.8550537423390104,,0.6739898964634471,-1.518762687016388,0.9999596788699756,-0.862327634170741,0.5525296905317609,0.7256982954856787,-0.25272776333182917,0.40996264112253666,0.04415636444185046,2066000.0,-0.6379135501105083,,1.307858085469558,-0.15392982399673988,-0.17523522251471801,0.7043806178340984,-1.4247253817249341,2016
2.609511122978049,2.19099707073469,-0.05826937208779176,-1.6761276791724444,Somalia,0.11681062053811617,,-0.9084674300626729,1.7025819989583892,-0.09143648333446389,0.8623362346557982,-0.21259719022209478,-2.2881076628217425,-3.1888864075037073,-3.0059656618677404,0.503041818107875,10787000.0,1.4410011444460584,,-0.006731993748395421,-0.15392982399673988,-0.09953827086927379,-0.12982950549533417,2.487541213504078,2016
0.8617352984539594,0.5106530732540181,-0.38854761638252444,0.1012145994270972,South Africa,0.8083294941237641,,-0.3221873118365293,-0.35817277379173174,0.29163634181014064,1.0086218849785442,0.7912926887811914,-0.10601669784478363,-0.9086657438034198,-0.4892444275136623,-3.402563191759461,54954000.0,-0.12973440255223628,,0.5768477143156492,-0.15392982399673988,-0.017640886324544046,-0.054518869361427226,0.66628403698113,2016
1.4753845309614984,2.278053519408582,-1.0544311734283565,-1.6253464712124575,South Sudan,0.11681062053811617,,-0.3581419836323543,1.8095198229411489,-1.7538279886789754,1.1655807372561688,-2.1498333351095176,0.9215021664341344,-0.477683830642996,0.4529665528557161,-2.5732890579396335,12340000.0,1.4410011444460584,,-1.6161833991460761,-0.15392982399673988,-0.08823539839661787,-1.12624715280549,2.3603968445770054,2016
-0.7342346295466692,-0.11625638258104581,0.6076141849580403,0.7613703029069269,Spain,1.224175303239458,,0.8467991365865811,-1.3099194072382927,1.6721440701614516,-1.480745512144582,1.2471129581664668,0.7728434304208961,0.3670918191357494,0.6904804653512763,0.3649971073508568,46513000.0,-1.1229936455070404,,1.1604274223796938,-0.15392982399673988,-0.17284547233478506,2.152662081947697,-1.1987864018072287,2016
0.2239898918950767,-0.043623487533598175,-0.05826937208779176,-0.35581627221278495,Sri Lanka,0.3737939857219721,,-0.373086514499735,0.06580424599873852,0.13262498042936113,-0.6538862783460554,-0.14205357710294508,-1.168039867445646,0.24549708373317092,-0.8420655319091778,-0.37625754779049014,20781000.0,-0.6610126022722479,,1.7440071304437383,-0.15392982399673988,-0.14862503132195093,-0.8076252307004984,-0.1592952774710178,2016
1.75008091514681,2.7360013470481643,-1.7203147304741888,-1.4730028473324968,Sudan,-1.5465726159246578,,-0.7542178044880834,2.1812860227870954,-1.3129328503049962,0.2476853691366203,-0.7443875045049169,-1.7822165021762597,-0.692884446403241,-1.6322978527907475,0.3990191564501619,40235000.0,1.4410011444460584,,-1.3274650172617595,-0.15392982399673988,0.11541006963929136,-0.9119014961166774,2.437714366221847,2016
-1.6049097186018686,0.34735784112606793,-0.38854761638252444,0.1012145994270972,Suriname,0.5092943055461864,,-0.1411390462148797,-0.5852583882492394,-1.1250103323095297,1.554838690904678,-1.1785020467766083,-0.46473248513572923,-0.4234481654729832,-0.5302635433206956,0.010256597490032717,543000.0,-0.12973440255223628,,-0.8851730279921677,-0.15392982399673988,-0.17665615505413762,-1.1146609010925812,0.04774386382239316,2016
-1.0145534543439614,0.343751952719457,1.9393812990497046,2.284806541706534,Sweden,1.7334696087856443,,1.455491546478432,-1.545811666023792,1.8022442749275447,-1.9710849666598813,1.1874222086041097,1.481568311136502,0.8940023392135829,1.4256110707593443,0.3280994554928974,9754000.0,-1.1229936455070404,,1.1604274223796938,-0.15392982399673988,-0.17710826995304385,1.8745920408378862,-1.3302261886034605,2016
-1.2635472528745073,-0.048774756685899326,-0.7241529291336238,2.18324412578656,Switzerland,1.5932968641399046,,2.2413349537263847,-1.8263661924726788,1.0360986246383346,-1.7921518750633894,1.28509798061524,1.4275868091655342,1.3847944612874044,1.586757597144116,0.29247984930545096,8267000.0,-1.1229936455070404,,1.1604274223796938,-0.15392982399673988,-0.17730203348114654,1.1794169380633588,-1.5948239293435869,2016
0.42479134232293636,-0.22649354244029288,-0.7241529291336238,-0.9144095597726408,Tajikistan,-1.7708490073578411,,-0.832067083555854,1.0622131471086873,-0.2070811097932126,-0.03484056496310402,-0.364537280017187,-1.5318506829990843,-2.594036135553373,-2.212047291409041,-0.04938158921517237,8482000.0,0.30914758852081675,,-0.006731993748395421,-0.15392982399673988,-0.14332882822047788,0.12506803218865906,0.36990020400923546,2016
-0.2980938792173581,1.6176608140835593,0.9432194977091396,-0.4065974801727718,Thailand,-0.35510428643587305,,-0.20131903057611295,0.20545246319975397,0.11094161296834597,0.4228514482784493,-0.28314080334124486,0.6779082202640695,0.7985382776081208,0.7796072538444372,0.3163682585049167,67959000.0,0.2860485363590771,,0.4294170512257854,-0.15392982399673988,0.0965504195706312,-0.2688645260502395,0.8097509938110039,2016
1.26414140511139,-1.5931252485458183,-2.055920043225288,-0.4065974801727718,Timor-Leste,0.11681062053811617,,-0.3581419836323543,-0.4456101710482234,-1.2261993804609348,1.6521531793168052,-0.825783981180859,0.2766908680999249,-0.4013822631554193,0.021131667781215936,-0.007750434873831376,1235000.0,-0.4993192371400705,,-0.8851730279921677,-0.15392982399673988,-0.1760102766271287,-0.8076252307004984,0.08726170821864589,2016
0.601496618699453,-0.4036972012794564,-0.38854761638252444,-0.5589411040527326,Togo,-1.1026922578798166,,-0.8865777424833247,1.1836190296302909,-1.6092722056055395,0.3481390345943001,-1.9816139499792371,-0.033202939511184824,-1.711980724490743,-0.7473624120044612,0.0060043344257949315,7305000.0,0.30914758852081675,,-2.2059060515055315,-0.15392982399673988,-0.1481729164230447,-0.772866475561772,0.5159444115606036,2016
-1.440252529251024,-0.8070415759046453,-0.38854761638252444,-0.4065974801727718,Trinidad and Tobago,0.6634843246564998,,0.348664039857912,-0.6343239780766228,-0.019158591797746007,1.554838690904678,0.18895876137921963,-0.06790072691904664,-0.068071001832213,-0.11194417336233767,0.01343987791010683,1360000.0,-0.12973440255223628,,0.7242783774055134,-0.15392982399673988,-0.17426640487420464,-0.5063826861648698,-0.4067113467345123,2016
-0.5109434166708895,-0.1554060281385355,-1.0544311734283565,-0.10191023241285041,Tunisia,0.33641458714977485,,-0.4688430183722638,-0.37452797040086,-0.467281519325397,0.03798834249371403,-1.0265619569815163,-1.780604151460281,-0.18908505559485445,-1.4383549365786938,-0.08013752160094419,11102000.0,0.609435266623432,,0.4294170512257854,-0.15392982399673988,-0.12337118482590256,-0.21672639334215008,-0.3165075714821967,2016
-0.29568426181222396,-1.1696909242266542,-1.3900364861794559,-1.0667531836526016,Turkmenistan,-1.798883556286989,,-0.3581419836323543,1.3949784935020981,-0.9443156034677351,0.06938011294923896,-0.2939936668980369,-0.3103337805736068,-3.1485871016921556,-1.5335306269420164,-0.024084963026900646,5374000.0,-0.4993192371400705,,-0.006731993748395421,-0.15392982399673988,-0.16806597197491913,-1.450662200766936,-0.06651425149720676,2016
-0.9607386656292949,0.7507022157512567,0.27733594066330747,1.9293380859866256,UK,1.2522098521686051,,1.1628591479166128,-1.7307511969116234,1.8889777447716054,-1.2810938520474435,2.0610777249258883,0.9954768172832374,0.7374505690868647,1.0008647425639399,0.9879220895784698,64856000.0,-1.1229936455070404,,0.8655660961999662,4.661874669615551,-0.17071407352565565,2.013627061392791,-0.9728474218895234,2016
-0.7085320438919032,0.6785844476190391,1.6091030547549716,1.5738696302667174,USA,1.074657708950669,,1.817358673238652,-1.6068291302963076,3.023740641898076,-1.3357155326400567,2.0882098838178687,0.572460483439061,0.14573597799218416,0.45183238375506074,5.7310138600743,320821000.0,-1.1229936455070404,,1.4552887485594215,9.477679163227842,-0.1410036658832458,3.2707353722433945,-0.9118524881474812,2016
1.5942589896147912,0.8655755178475748,-0.05826937208779176,-0.9144095597726408,Uganda,-0.19624184250403512,,-0.8773038979237584,0.561492512460001,0.46510328149826347,-0.17484786119474496,0.49283894096940367,0.6878403006744982,-0.23054572468627754,0.3764101385614841,0.5005330617916827,39032000.0,0.2860485363590771,,0.28198638813592153,-0.15392982399673988,-0.020418163560682358,0.6406562334131001,0.9188546076876147,2016
-0.8788116738547282,0.5915279989451475,-1.3900364861794559,-0.7112847279326933,Ukraine,0.00934484964304951,,-0.43162434589321685,1.0068570970470234,0.46510328149826347,-0.40400778552007727,0.36260457828789594,0.3916837211635272,-0.432158390072022,0.06801065727496727,-0.2004749884847124,45064000.0,-0.08353629822875709,,0.4294170512257854,-0.15392982399673988,-0.04237803007898529,1.2836932034795379,0.21698332786721422,2016
-0.7784109486407984,-0.6988649237063188,0.9432194977091396,1.167619966586822,United Arab Emirates,-1.3690204727067214,,2.399575491823163,-0.26759014641810014,0.7036203235694327,-0.7210646671208788,-0.23972934911407548,-0.35438320213414537,1.8456234107405338,1.388088976345998,-0.039484624439502056,9157000.0,-0.2452296633609344,,0.13455572504605776,-0.15392982399673988,-0.15437334932233024,1.3937625947521712,-0.8371122172241338,2016
-0.9350360799745289,-0.9291266548141852,0.27733594066330747,1.4215260063867567,Uruguay,1.163433780559637,,0.11391971460118568,-1.2149334577006652,0.5301533838813094,-0.8711173298982879,0.14012087537365445,0.7712955737335564,0.7696203319393136,0.8469958012417061,1.6453784317233057e-05,3432000.0,-0.6379135501105083,,1.4552887485594215,-0.15392982399673988,-0.1732329993909904,0.04396427019829763,-1.3499851108015868,2016
-0.31978043586356686,-1.0192738649794575,-1.0544311734283565,-1.1175343916125884,Uzbekistan,-1.742814458428693,,-0.6626583831857855,1.802600316683441,-0.8864932902383608,-0.6369347223000718,-0.9451654803055741,-0.8687230805313567,0.12622507489033888,-0.6128688594850884,-0.12503873724122128,31125000.0,8.001131958380116,,-0.15416265683825922,-0.15392982399673988,0.6204224117175579,-0.9003152444037686,-0.11290476448411259,2016
1.5235768790641844,1.5635724879843962,-0.05826937208779176,-1.4730028473324968,Yemen,-1.6867453605703975,,-0.3581419836323543,1.827133111597133,-0.09143648333446389,0.7807176314714336,-0.21259719022209478,0.12919302460219176,0.15340097563933833,0.09239529293905682,0.01011459241553127,26832000.0,1.4410011444460584,,-0.006731993748395421,-0.15392982399673988,0.017559487947441534,-0.12982950549533417,1.94975489628551,2016
2.1227684071409176,-0.3846375054159417,0.27733594066330747,-0.2542538562928111,Zambia,0.14484516946726428,,-0.8181717533906396,-0.05434354447600886,-0.568470567476802,0.48940200164416225,-0.6141531418234094,-0.3394205874898629,-1.144887034929344,-0.7549235393421629,0.08202832889430593,16212000.0,0.3784447450060357,,-1.0326036910820315,-0.15392982399673988,-0.10767633904958605,-0.3441751621841469,0.5563213395306883,2016
1.5998814302267712,-0.2651280610825524,-1.3900364861794559,-1.0667531836526016,Zimbabwe,-1.228847728060982,,-0.8702189979393474,0.9005483190876918,-1.385210741841714,0.419712271232897,-1.1133848654358545,0.29907029603770957,-0.31114433630938054,0.013854082718678027,-0.22250549795945085,15603000.0,0.30914758852081675,,-0.7377423649023038,-0.15392982399673988,-0.11394135979157248,-1.4159034456282098,0.7685149822670884,2016
